head_0,head_1,head_2,head_3,head_4,head_5,head_6,head_7
0.508061,0.270018,0.683512,0.779569,0.372578,0.859369,0.156618,0.157567
0.885923,0.004335,0.965045,0.965181,0.000135,0.939710,0.858014,0.331798
0.427584,0.946891,0.066793,0.965181,0.299959,0.965181,0.635686,0.076006
0.965181,0.178567,0.219347,0.205121,0.965181,0.657228,0.586506,0.368107
0.567267,0.198889,0.493700,0.168812,0.965181,0.512261,0.846362,0.278553
0.333017,0.691099,0.965181,0.275708,0.671860,0.787969,0.434629,0.576887
0.541526,0.309037,0.081561,0.435442,0.964774,0.604932,0.661699,0.732015
0.724699,0.350765,0.323398,0.218534,0.123425,0.690015,0.759518,0.214063
0.836743,0.427313,0.961116,0.289527,0.267308,0.138464,0.454410,0.502371
0.445739,0.519306,0.189270,0.526622,0.326785,0.440726,0.649505,0.666712
0.852188,0.622951,0.359165,0.812221,0.512939,0.207831,0.307140,0.743666
0.213250,0.692725,0.215824,0.577971,0.082374,0.583525,0.237637,0.616719
0.265005,0.209728,0.257011,0.418642,0.024929,0.325701,0.093348,0.293998
0.531093,0.703157,0.486519,0.429752,0.667931,0.369733,0.653164,0.965181
0.298605,0.379352,0.063135,0.558867,0.821975,0.671996,0.150251,0.673351
0.874272,0.122477,0.419862,0.112993,0.732421,0.338437,0.301314,0.951904
0.795150,0.229508,0.302127,0.036716,0.540442,0.770221,0.467145,0.105541
0.123019,0.425417,0.694621,0.322720,0.360791,0.320688,0.782821,0.443978
0.236824,0.380572,0.265005,0.134535,0.352933,0.565777,0.024116,0.346701
0.558055,0.406449,0.389920,0.718737,0.149438,0.381385,0.043761,0.148896
0.450075,0.106354,0.186560,0.598428,0.218263,0.393172,0.632570,0.065032
0.661022,0.010839,0.381927,0.119225,0.045116,0.428939,0.226934,0.180870
0.232489,0.123831,0.256198,0.481507,0.042813,0.140496,0.103780,0.372849
0.264056,0.294405,0.068283,0.244682,0.041051,0.176128,0.209186,0.005013
0.079122,0.036038,0.009755,0.183715,0.276927,0.280043,0.643138,0.036174
0.253760,0.413359,0.049045,0.347243,0.114754,0.192928,0.052838,0.030755
0.792169,0.212166,0.165425,0.565506,0.202547,0.106354,0.070993,0.245089
0.039426,0.795963,0.034684,0.249966,0.131148,0.525674,0.190218,0.792982
0.260398,0.003794,0.169083,0.355507,0.287359,0.442081,0.335862,0.297927
0.031568,0.039290,0.697737,0.024793,0.307004,0.858556,0.027639,0.193063
0.608319,0.207289,0.457933,0.587454,0.648422,0.336133,0.839453,0.449397
0.113264,0.167728,0.100935,0.250102,0.323262,0.408752,0.112451,0.217179
