head_1,head_2,head_3,head_4,head_5,head_6,head_7,head_8
1.000000,0.032539,0.053315,0.754659,0.435075,0.195234,0.014665,0.063550
0.693095,0.000153,0.545524,0.000153,0.000153,0.910938,0.476474,0.115338
0.100672,0.577910,0.018485,0.982432,0.132447,1.000000,0.537427,0.005805
0.271616,0.009319,0.035594,0.041399,0.699206,0.200733,0.181943,0.074397
0.281699,0.043385,0.128170,0.038038,0.999542,0.305377,0.596089,0.518179
0.090590,0.298350,1.000000,0.061106,0.182249,0.444394,0.156126,0.171250
0.423617,0.084174,0.006569,0.086923,1.000000,0.230522,0.870608,0.602200
0.567675,0.133517,0.136572,0.121295,0.047968,0.491903,0.726703,0.071036
0.864192,0.150779,0.980293,0.139780,0.087534,0.080965,0.141919,0.132447
0.143446,0.231745,0.038650,0.272075,0.113504,0.086618,0.426520,0.344791
0.830584,0.440574,0.133517,0.836389,0.163764,0.057898,0.120990,0.491598
0.097922,0.442255,0.115796,0.347846,0.038344,0.317751,0.104797,0.572716
0.159028,0.089368,0.121601,0.126795,0.011916,0.189887,0.039872,0.123587
0.291476,0.500458,0.161014,0.136266,0.408799,0.168653,0.383287,0.494195
0.122670,0.182401,0.025665,0.215551,0.705011,0.411549,0.031470,0.377788
0.853498,0.081729,0.195998,0.045524,0.404522,0.121295,0.159945,0.980752
0.581271,0.066147,0.098686,0.017262,0.234189,0.733272,0.194928,0.064620
0.055148,0.116712,0.377330,0.108463,0.090131,0.081118,0.497250,0.144363
0.061717,0.155820,0.105408,0.041552,0.091659,0.251451,0.006111,0.107699
0.262909,0.108463,0.109074,0.499542,0.049649,0.091048,0.018637,0.043538
0.217537,0.028414,0.071341,0.293156,0.087840,0.131836,0.370761,0.016499
0.477085,0.003666,0.119768,0.069814,0.025206,0.234953,0.095631,0.069203
0.110602,0.157959,0.097922,0.272533,0.019096,0.061564,0.057898,0.141460
0.152154,0.166972,0.030247,0.157959,0.007638,0.065231,0.108005,0.001528
0.038038,0.030553,0.006416,0.115796,0.110449,0.143294,0.397036,0.020623
0.286282,0.222273,0.006722,0.224106,0.051635,0.001833,0.013596,0.010694
0.742285,0.196914,0.063550,0.359762,0.078980,0.020471,0.051024,0.112130
0.011457,0.720746,0.012832,0.148488,0.069203,0.421479,0.075619,0.787046
0.097159,0.000458,0.037122,0.170027,0.174305,0.123892,0.152001,0.129545
0.003972,0.005652,0.388481,0.005500,0.172319,0.808280,0.016499,0.074091
0.267033,0.140238,0.411702,0.426826,0.575771,0.195081,0.645280,0.349985
0.026734,0.094103,0.004736,0.063856,0.154598,0.218301,0.016499,0.061259
