head_1,head_2,head_3,head_4,head_5,head_6,head_7,head_8
1.000000,0.017373,0.154005,0.373969,0.133834,0.337750,0.031213,0.117197
0.521938,0.000147,0.647085,0.000147,0.000147,0.641343,0.304476,0.221731
0.201119,0.684629,0.022968,0.843345,0.300206,1.000000,0.304181,0.009128
0.432273,0.025766,0.012809,0.104388,0.718051,0.531802,0.273999,0.106449
0.452297,0.079064,0.307421,0.048439,0.984835,0.250589,0.528121,0.192874
0.092020,0.400029,1.000000,0.101737,0.330978,0.450088,0.172409,0.205389
0.279005,0.131184,0.014134,0.126325,1.000000,0.333186,0.486307,0.404741
0.448027,0.198910,0.136926,0.129122,0.059335,0.469523,0.491019,0.127356
0.711867,0.240283,0.958039,0.159452,0.183451,0.064635,0.262809,0.314340
0.283863,0.547262,0.009276,0.342756,0.189635,0.183746,0.425206,0.415342
0.714812,0.456125,0.136042,0.542697,0.303004,0.087603,0.179181,0.571555
0.160188,0.544170,0.088486,0.399293,0.057126,0.401207,0.121908,0.355713
0.140165,0.092020,0.118375,0.189635,0.009717,0.123969,0.050795,0.127061
0.440077,0.549028,0.370730,0.291372,0.512515,0.288280,0.352768,0.443463
0.211867,0.233804,0.017521,0.387515,0.691402,0.468787,0.071260,0.525618
0.717609,0.085247,0.237191,0.055801,0.563899,0.241902,0.215548,0.926531
0.644582,0.078769,0.157097,0.017226,0.332450,0.629859,0.338192,0.035188
0.076855,0.117049,0.564782,0.160925,0.242049,0.251472,0.640901,0.315224
0.073910,0.213339,0.172998,0.096143,0.188015,0.408716,0.018846,0.179034
0.483952,0.223498,0.224382,0.594670,0.197585,0.146054,0.030919,0.112780
0.347909,0.158863,0.100118,0.479093,0.126767,0.392521,0.492786,0.082303
0.316402,0.000442,0.199499,0.107921,0.014282,0.297703,0.156508,0.263398
0.223940,0.073616,0.153269,0.433157,0.027238,0.066843,0.041372,0.236160
0.136042,0.288133,0.053740,0.181390,0.034452,0.187426,0.123675,0.001472
0.044611,0.036072,0.007803,0.181095,0.208628,0.257067,0.553298,0.005300
0.217609,0.346437,0.007951,0.284600,0.067727,0.001620,0.011337,0.003239
0.356154,0.126767,0.128975,0.448616,0.082744,0.059776,0.044611,0.192432
0.015165,0.686396,0.010895,0.134423,0.058746,0.402532,0.123380,0.346143
0.162397,0.000442,0.091137,0.246025,0.174617,0.192727,0.322438,0.097468
0.020465,0.005006,0.396201,0.006184,0.189929,0.602915,0.011190,0.074941
0.355565,0.140754,0.296967,0.480713,0.468787,0.198174,0.511042,0.390901
0.016048,0.142226,0.012662,0.107627,0.194641,0.326266,0.107185,0.171084
