head_1,head_2,head_3,head_4,head_5,head_6,head_7,head_8
1.000000,0.016260,0.131969,0.729094,0.301684,0.252613,0.028600,0.095528
0.678571,0.000145,0.664199,0.000145,0.000145,0.763502,0.352642,0.193815
0.248403,0.671167,0.022213,0.942073,0.203397,1.000000,0.319686,0.005807
0.295006,0.022793,0.022648,0.089431,0.743322,0.376452,0.319396,0.115999
0.419861,0.088850,0.239257,0.046603,0.992596,0.282520,0.615418,0.214286
0.141841,0.519309,1.000000,0.115999,0.389954,0.574623,0.284988,0.296893
0.390534,0.173780,0.006533,0.159408,1.000000,0.408972,0.628194,0.627613
0.620645,0.215157,0.181765,0.121661,0.067073,0.592044,0.654762,0.118322
0.797764,0.283537,0.978223,0.173926,0.140534,0.070412,0.353949,0.385743
0.354239,0.403165,0.024535,0.402149,0.207027,0.323751,0.584059,0.521632
0.798926,0.481272,0.175813,0.759582,0.388066,0.135453,0.222851,0.646487
0.155633,0.625000,0.145906,0.511469,0.053571,0.443670,0.157085,0.500726
0.182346,0.133420,0.172764,0.269599,0.007549,0.164053,0.043699,0.183943
0.469512,0.598868,0.415796,0.344512,0.589431,0.279907,0.514954,0.476771
0.225029,0.288182,0.030488,0.452236,0.710221,0.597996,0.067799,0.567073
0.871661,0.094803,0.308653,0.054443,0.676829,0.262050,0.209059,0.967334
0.677991,0.136905,0.239983,0.022358,0.465012,0.689895,0.416231,0.062573
0.081156,0.274971,0.592625,0.227787,0.260453,0.218496,0.752323,0.388357
0.145906,0.267276,0.201074,0.085801,0.286295,0.497242,0.010163,0.277439
0.464576,0.328107,0.247822,0.659117,0.106272,0.297909,0.031069,0.076800
0.367015,0.069541,0.123693,0.502904,0.120790,0.309524,0.568815,0.038908
0.593496,0.002178,0.277875,0.077962,0.032666,0.337689,0.174361,0.134582
0.175813,0.071283,0.186556,0.416376,0.016405,0.075929,0.069541,0.318670
0.163763,0.221109,0.042393,0.189170,0.017712,0.134146,0.160424,0.002323
0.044861,0.029326,0.006388,0.104675,0.225610,0.221690,0.581591,0.028020
0.187427,0.359901,0.022793,0.290215,0.078542,0.001597,0.029326,0.010308
0.712398,0.164053,0.096690,0.493177,0.153020,0.041667,0.050087,0.191057
0.019744,0.753339,0.013357,0.145325,0.087979,0.467480,0.111063,0.745209
0.192218,0.000436,0.076945,0.281794,0.188879,0.323461,0.218931,0.175668
0.014954,0.019890,0.617741,0.013066,0.196574,0.836672,0.016260,0.122096
0.548345,0.129936,0.362079,0.525261,0.584059,0.302700,0.803717,0.371806
0.039489,0.086818,0.022213,0.133130,0.228804,0.341609,0.052410,0.135598
