head_0,head_1,head_2,head_3,head_4,head_5,head_6,head_7
0.515534,0.278891,0.707753,0.812137,0.395616,0.887921,0.165360,0.162021
0.918118,0.004646,0.999855,1.000000,0.000145,0.975029,0.887631,0.340737
0.445412,0.983885,0.067654,1.000000,0.302991,1.000000,0.662747,0.078252
1.000000,0.185250,0.230110,0.205575,1.000000,0.678571,0.612660,0.381678
0.588415,0.204559,0.514228,0.171458,1.000000,0.532665,0.876016,0.290796
0.346400,0.710801,1.000000,0.285279,0.698316,0.822009,0.449623,0.603804
0.570267,0.317654,0.082462,0.452816,0.999564,0.625290,0.694396,0.764808
0.753630,0.358014,0.334204,0.223868,0.124564,0.712108,0.793844,0.214141
0.864837,0.440186,0.995645,0.298635,0.273084,0.141841,0.467770,0.520470
0.459640,0.531649,0.192944,0.543990,0.334059,0.457027,0.673055,0.693815
0.885163,0.646051,0.366870,0.841609,0.531214,0.213995,0.315331,0.774826
0.219803,0.719367,0.222997,0.598868,0.084495,0.604239,0.244774,0.634001
0.270035,0.214431,0.263502,0.433217,0.025116,0.337834,0.094512,0.304297
0.557782,0.730981,0.509727,0.452091,0.697735,0.390679,0.680023,1.000000
0.312427,0.390389,0.064460,0.587253,0.850755,0.696283,0.156794,0.700494
0.906359,0.127758,0.436702,0.118612,0.760308,0.354530,0.311411,0.986063
0.830139,0.241144,0.318525,0.037747,0.561992,0.807056,0.489547,0.109175
0.128920,0.441202,0.723142,0.338995,0.374129,0.336092,0.814170,0.460511
0.249710,0.397213,0.276423,0.140389,0.368757,0.590447,0.023229,0.356853
0.576800,0.430749,0.406069,0.751887,0.153891,0.400261,0.045587,0.153020
0.467770,0.111789,0.193235,0.618902,0.227642,0.411585,0.656940,0.064895
0.685250,0.010598,0.398374,0.123258,0.045441,0.454268,0.238240,0.187282
0.243322,0.130226,0.262921,0.501597,0.041667,0.143583,0.108449,0.387050
0.273664,0.306911,0.068089,0.255807,0.042683,0.185540,0.219367,0.004791
0.081301,0.035859,0.010308,0.192364,0.288908,0.290650,0.668118,0.037166
0.263792,0.431620,0.050668,0.362369,0.120645,0.199042,0.055314,0.031794
0.828833,0.222271,0.168699,0.588124,0.211527,0.105546,0.074477,0.255807
0.040650,0.829849,0.036295,0.255081,0.138937,0.550523,0.190041,0.839866
0.274100,0.003920,0.176829,0.368757,0.305314,0.458188,0.342770,0.317218
0.033101,0.041231,0.728223,0.025987,0.315476,0.899100,0.029181,0.204123
0.636324,0.214431,0.486208,0.612224,0.671748,0.352787,0.874274,0.468931
0.116725,0.175668,0.102352,0.259872,0.340447,0.426103,0.113676,0.227352
