head_1,head_2,head_3,head_4,head_5,head_6,head_7,head_8
0.485946,0.314849,0.618851,0.851054,0.508555,0.829973,0.092576,0.153223
0.954782,0.003666,0.999847,1.000000,0.000153,0.986557,0.935533,0.205622
0.273144,0.984724,0.065231,1.000000,0.202108,1.000000,0.745035,0.086923
1.000000,0.152460,0.294989,0.089215,1.000000,0.490834,0.646043,0.255270
0.622823,0.129392,0.333181,0.141002,1.000000,0.708983,0.941644,0.581577
0.190040,0.574855,1.000000,0.122518,0.511916,0.734953,0.251451,0.505805
0.613046,0.141766,0.042010,0.308127,0.999542,0.375038,0.874427,0.835472
0.750993,0.245493,0.212802,0.186832,0.074397,0.739383,0.887412,0.127864
0.905897,0.298656,0.999083,0.199053,0.144210,0.162695,0.216774,0.234494
0.189429,0.314390,0.111518,0.360984,0.172472,0.159334,0.528414,0.532539
0.930645,0.622670,0.222731,0.888787,0.256645,0.095325,0.163306,0.670180
0.127559,0.547663,0.163764,0.458753,0.099145,0.469600,0.151543,0.624962
0.248243,0.141613,0.177360,0.215857,0.036969,0.330736,0.089215,0.175222
0.374733,0.643599,0.241216,0.217537,0.538650,0.240758,0.512680,1.000000
0.178430,0.255881,0.053621,0.331195,0.846624,0.540177,0.065689,0.476780
0.876413,0.109991,0.274213,0.084785,0.487626,0.183624,0.201955,0.989918
0.776658,0.128017,0.141308,0.036053,0.333181,0.857470,0.243813,0.105866
0.094562,0.184235,0.549801,0.166667,0.148946,0.143905,0.592270,0.187748
0.097006,0.226245,0.170333,0.068439,0.134280,0.313321,0.013291,0.139322
0.360373,0.167125,0.164222,0.625878,0.078063,0.141613,0.028414,0.083104
0.314696,0.047510,0.105102,0.394592,0.146502,0.199206,0.432631,0.027956
0.521234,0.009624,0.206386,0.094409,0.046441,0.314390,0.146502,0.111824
0.170180,0.252215,0.125115,0.360984,0.030553,0.105255,0.083715,0.202414
0.187595,0.250840,0.048885,0.216774,0.020623,0.095631,0.142071,0.003819
0.061259,0.040330,0.012985,0.224717,0.157348,0.190345,0.540636,0.032844
0.376566,0.336541,0.014818,0.311335,0.076383,0.083562,0.029331,0.021998
0.891079,0.206538,0.105102,0.515124,0.114727,0.048427,0.067675,0.168042
0.023679,0.840513,0.021387,0.259548,0.089062,0.532844,0.104186,0.851818
0.138405,0.003361,0.064925,0.236175,0.243813,0.175527,0.255881,0.228689
0.008708,0.012527,0.519401,0.013749,0.287809,0.874885,0.036664,0.124656
0.334250,0.214024,0.540636,0.560342,0.701039,0.219523,0.752979,0.472197
0.072258,0.160403,0.044302,0.136419,0.233883,0.306599,0.045218,0.119615
